{"stats":{"minecraft:killed":{"minecraft:iron_golem":1},"minecraft:picked_up":{"minecraft:iron_ingot":3,"minecraft:cobblestone":8,"minecraft:dirt":5,"minecraft:mossy_cobblestone":4},"minecraft:used":{"minecraft:mossy_cobblestone":2,"minecraft:dirt":5,"minecraft:cobblestone":3,"minecraft:iron_pickaxe":12,"minecraft:iron_sword":13},"minecraft:custom":{"minecraft:time_since_rest":7219,"minecraft:open_chest":4,"minecraft:crouch_one_cm":3,"minecraft:sprint_one_cm":21366,"minecraft:play_time":7219,"minecraft:damage_taken":80,"minecraft:walk_one_cm":6403,"minecraft:sneak_time":7,"minecraft:mob_kills":1,"minecraft:jump":113,"minecraft:damage_dealt":1070,"minecraft:leave_game":2,"minecraft:time_since_death":7219,"minecraft:total_world_time":7219,"minecraft:fall_one_cm":3964,"minecraft:fly_one_cm":19746},"minecraft:mined":{"minecraft:grass":1,"minecraft:grass_block":5,"minecraft:mossy_cobblestone":4,"minecraft:cobblestone":8}},"DataVersion":3465}