{"stats":{"minecraft:mined":{"minecraft:tuff":47,"minecraft:white_bed":2,"minecraft:glass_pane":1,"minecraft:mossy_cobblestone":10,"minecraft:oak_fence":4,"minecraft:crafting_table":2,"minecraft:granite":68,"minecraft:grass_block":23,"minecraft:oak_pressure_plate":1,"minecraft:cobblestone":23,"minecraft:tall_grass":1,"minecraft:lapis_ore":4,"minecraft:oak_planks":5,"minecraft:diorite":94,"minecraft:deepslate_copper_ore":4,"minecraft:birch_planks":4,"minecraft:birch_log":6,"minecraft:iron_ore":4,"minecraft:wheat":1,"minecraft:andesite":173,"minecraft:grass":6,"minecraft:oak_log":33,"chococraft:gysahl_green":15,"minecraft:coal_ore":7,"minecraft:oak_stairs":2,"minecraft:dirt":31,"minecraft:stripped_oak_log":1,"minecraft:stone":1153,"minecraft:oak_leaves":2,"minecraft:deepslate":280},"minecraft:crafted":{"minecraft:oak_planks":100,"vanillaplustools:stone_hammer":2,"minecraft:crafting_table":3,"minecraft:birch_planks":24,"minecraft:iron_axe":1,"minecraft:stick":64,"minecraft:stone_pickaxe":19,"minecraft:chest":3,"minecraft:iron_shovel":1,"minecraft:torch":28},"minecraft:used":{"minecraft:iron_shovel":44,"minecraft:birch_planks":23,"minecraft:oak_planks":39,"minecraft:chest":3,"minecraft:iron_sword":27,"vanillaplustools:stone_hammer":235,"minecraft:torch":21,"minecraft:mossy_cobblestone":2,"minecraft:dirt":5,"minecraft:crafting_table":3,"minecraft:granite":3,"croptopia:orange":2,"minecraft:oak_log":9,"minecraft:apple":4,"minecraft:iron_axe":60,"minecraft:bread":9,"minecraft:iron_pickaxe":98,"minecraft:cobblestone":48,"minecraft:porkchop":1},"minecraft:custom":{"minecraft:interact_with_furnace":2,"minecraft:mob_kills":5,"minecraft:interact_with_crafting_table":11,"minecraft:leave_game":3,"minecraft:time_since_death":34699,"minecraft:sleep_in_bed":2,"minecraft:time_since_rest":12499,"minecraft:sprint_one_cm":104392,"minecraft:damage_taken":448,"minecraft:walk_one_cm":54685,"minecraft:drop":6,"minecraft:damage_dealt":1680,"minecraft:swim_one_cm":6554,"minecraft:fly_one_cm":100277,"minecraft:open_chest":21,"minecraft:crouch_one_cm":10767,"minecraft:play_time":34699,"minecraft:sneak_time":2383,"minecraft:walk_under_water_one_cm":2682,"minecraft:jump":628,"minecraft:walk_on_water_one_cm":3566,"minecraft:total_world_time":34699,"minecraft:fall_one_cm":19490},"minecraft:picked_up":{"minecraft:stripped_oak_log":1,"minecraft:birch_log":6,"minecraft:crafting_table":1,"chococraft:loverly_gysahl_green":3,"minecraft:wheat":1,"minecraft:andesite":165,"minecraft:oak_stairs":2,"minecraft:birch_planks":4,"minecraft:oak_log":33,"minecraft:lapis_lazuli":26,"minecraft:dirt":51,"chococraft:chocobo_feather":1,"chococraft:gysahl_green":40,"minecraft:apple":16,"chococraft:gold_gysahl":1,"minecraft:wheat_seeds":4,"minecraft:cobbled_deepslate":192,"minecraft:iron_ingot":3,"minecraft:oak_planks":3,"minecraft:raw_iron":4,"minecraft:stick":6,"minecraft:oak_fence":4,"minecraft:torch":3,"minecraft:oak_pressure_plate":4,"minecraft:porkchop":1,"chococraft:gysahl_green_seeds":28,"minecraft:diorite":94,"minecraft:white_bed":2,"minecraft:mossy_cobblestone":10,"croptopia:orange":12,"minecraft:granite":67,"minecraft:oak_sapling":4,"minecraft:coal":7,"minecraft:cobblestone":1153},"minecraft:broken":{"vanillaplustools:stone_hammer":1},"minecraft:killed":{"minecraft:pig":2,"minecraft:iron_golem":1,"minecraft:skeleton":1,"mca:male_villager":1},"minecraft:dropped":{"minecraft:wheat_seeds":4,"minecraft:cobblestone":1,"chococraft:gysahl_green_seeds":14,"mca:book_romance":1,"minecraft:andesite":6}},"DataVersion":3465}